Epoch,Train_Loss
1,0.023995285718367416
2,0.017830477210313028
3,0.01659549952642878
4,0.01605450887161253
5,0.015854999513957396
