epoch,training_time,training_loss
1,4.009119510650635,0.38849665001514166
2,3.7925446033477783,0.3471900578714481
3,3.782554864883423,0.3358842242233198
4,3.93892765045166,0.329956457018406
5,3.7911059856414795,0.3266550691085939
