Year,Mean of data1,Mean of data2,Mean of data3,Variance of data1,Variance of data2,Variance of data3
2015,60.54402415458937,118.75484859196418,41.512197671655976,7465.534272824637,10974.311387365125,4193.982076029829
