Year,Mean of data1,Mean of data2,Mean of data3,Variance of data1,Variance of data2,Variance of data3
2014,62.80034541062802,107.60189348415224,42.40529460679496,7456.112442494519,9740.407259918891,4539.038098434046
