Year,Mean of data1,Mean of data2,Mean of data3,Variance of data1,Variance of data2,Variance of data3
2017,55.69476328502416,113.42056203605514,39.21576146353053,6214.313701453803,10070.693120600883,3874.240475320069
