Year,Mean of data1,Mean of data2,Mean of data3,Variance of data1,Variance of data2,Variance of data3
2013,46.59091062801932,105.62033462943326,39.439565217391305,5504.670134863372,9345.797779430784,3827.054360580812
