Year,Mean of data1,Mean of data2,Mean of data3,Variance of data1,Variance of data2,Variance of data3
2016,54.337403281830156,109.16378579003182,44.82349726775956,5918.906546778049,9553.281038612133,4811.643972465301
